SL. No.,Category of Offences,Number of Cases in which Property was Stolen,Number of Cases in which Property was Recovered,Value of Property Stolen (in Lakhs),Value of Property Recovered (in Lakhs),Percentage of Property Recovered to Property Stolen
1,Dacoity,5249,1263,372.13,15.1,4.1
2,Robbery,7987,2262,53.35,15.52,29.1
3,House-breaking and Thefts,390849,119232,2170.27,545.84,25.2
4,Criminal Breach of Trust,15499,3962,296.99,59.75,20.1
5,Others,7583,3244,159.73,31.94,20
6,Total,472167,129963,3052.47,668.15,21.9
