SL. No.,Category of Offences,Number of Cases in which Property was Stolen,Number of Cases in which Property was Recovered,Value of Property Stolen in Lakhs,Value of Property Recovered in Lakhs,Percentage of Property Recovered to Property Stolen
1,Dacoity,9146,1856,270.41,42.93,15.88
2,Robbery,15144,3776,164.63,40.05,24.33
3,Burglary,156494,39607,1377.59,209.21,15.19
4,Thefts,339363,108298,2142.44,726.41,33.91
5,Criminal Breach of Trust,17127,3951,991.96,73.03,7.36
6,Others,20688,9917,367.96,190.25,51.7
7,Total,557962,167405,5314.99,1281.88,24.12
